Generation Number,AllD Count,pDisc Count,Disc Count,AllC Count,AllD Ratio,pDisc Ratio,Disc Ratio,AllC Ratio,
0,18,12,9,11,0.36,0.24,0.18,0.22,,
300,33,2,11,4,0.66,0.04,0.22,0.08,,
600,48,1,1,0,0.96,0.02,0.02,0.0,,
900,50,0,0,0,1.0,0.0,0.0,0.0,,
1200,50,0,0,0,1.0,0.0,0.0,0.0,,
1500,49,0,0,1,0.98,0.0,0.0,0.02,,
1800,50,0,0,0,1.0,0.0,0.0,0.0,,
2100,50,0,0,0,1.0,0.0,0.0,0.0,,
2400,50,0,0,0,1.0,0.0,0.0,0.0,,
2700,50,0,0,0,1.0,0.0,0.0,0.0,,
3000,50,0,0,0,1.0,0.0,0.0,0.0,,
3300,49,1,0,0,0.98,0.02,0.0,0.0,,
3600,50,0,0,0,1.0,0.0,0.0,0.0,,
3900,50,0,0,0,1.0,0.0,0.0,0.0,,
4200,50,0,0,0,1.0,0.0,0.0,0.0,,
4500,50,0,0,0,1.0,0.0,0.0,0.0,,
4800,50,0,0,0,1.0,0.0,0.0,0.0,,
5100,50,0,0,0,1.0,0.0,0.0,0.0,,
5400,50,0,0,0,1.0,0.0,0.0,0.0,,
5700,50,0,0,0,1.0,0.0,0.0,0.0,,
6000,50,0,0,0,1.0,0.0,0.0,0.0,,
6300,50,0,0,0,1.0,0.0,0.0,0.0,,
6600,50,0,0,0,1.0,0.0,0.0,0.0,,
6900,50,0,0,0,1.0,0.0,0.0,0.0,,
7200,50,0,0,0,1.0,0.0,0.0,0.0,,
7500,50,0,0,0,1.0,0.0,0.0,0.0,,
7800,50,0,0,0,1.0,0.0,0.0,0.0,,
8100,50,0,0,0,1.0,0.0,0.0,0.0,,
8400,50,0,0,0,1.0,0.0,0.0,0.0,,
8700,50,0,0,0,1.0,0.0,0.0,0.0,,
9000,50,0,0,0,1.0,0.0,0.0,0.0,,
9300,50,0,0,0,1.0,0.0,0.0,0.0,,
9600,50,0,0,0,1.0,0.0,0.0,0.0,,
9900,50,0,0,0,1.0,0.0,0.0,0.0,,
10200,50,0,0,0,1.0,0.0,0.0,0.0,,
10500,50,0,0,0,1.0,0.0,0.0,0.0,,
10800,50,0,0,0,1.0,0.0,0.0,0.0,,
11100,49,0,0,1,0.98,0.0,0.0,0.02,,
11400,50,0,0,0,1.0,0.0,0.0,0.0,,
11700,50,0,0,0,1.0,0.0,0.0,0.0,,
12000,50,0,0,0,1.0,0.0,0.0,0.0,,
12300,50,0,0,0,1.0,0.0,0.0,0.0,,
12600,50,0,0,0,1.0,0.0,0.0,0.0,,
12900,50,0,0,0,1.0,0.0,0.0,0.0,,
13200,50,0,0,0,1.0,0.0,0.0,0.0,,
13500,50,0,0,0,1.0,0.0,0.0,0.0,,
13800,50,0,0,0,1.0,0.0,0.0,0.0,,
14100,50,0,0,0,1.0,0.0,0.0,0.0,,
14400,50,0,0,0,1.0,0.0,0.0,0.0,,
14700,50,0,0,0,1.0,0.0,0.0,0.0,,
15000,50,0,0,0,1.0,0.0,0.0,0.0,,
15300,50,0,0,0,1.0,0.0,0.0,0.0,,
15600,50,0,0,0,1.0,0.0,0.0,0.0,,
15900,50,0,0,0,1.0,0.0,0.0,0.0,,
16200,50,0,0,0,1.0,0.0,0.0,0.0,,
16500,50,0,0,0,1.0,0.0,0.0,0.0,,
16800,50,0,0,0,1.0,0.0,0.0,0.0,,
17100,50,0,0,0,1.0,0.0,0.0,0.0,,
17400,50,0,0,0,1.0,0.0,0.0,0.0,,
17700,50,0,0,0,1.0,0.0,0.0,0.0,,
18000,50,0,0,0,1.0,0.0,0.0,0.0,,
18300,50,0,0,0,1.0,0.0,0.0,0.0,,
18600,50,0,0,0,1.0,0.0,0.0,0.0,,
18900,50,0,0,0,1.0,0.0,0.0,0.0,,
19200,50,0,0,0,1.0,0.0,0.0,0.0,,
19500,50,0,0,0,1.0,0.0,0.0,0.0,,
19800,50,0,0,0,1.0,0.0,0.0,0.0,,
20100,50,0,0,0,1.0,0.0,0.0,0.0,,
20400,50,0,0,0,1.0,0.0,0.0,0.0,,
20700,50,0,0,0,1.0,0.0,0.0,0.0,,
21000,50,0,0,0,1.0,0.0,0.0,0.0,,
21300,50,0,0,0,1.0,0.0,0.0,0.0,,
21600,50,0,0,0,1.0,0.0,0.0,0.0,,
21900,49,1,0,0,0.98,0.02,0.0,0.0,,
22200,47,3,0,0,0.94,0.06,0.0,0.0,,
22500,50,0,0,0,1.0,0.0,0.0,0.0,,
22800,50,0,0,0,1.0,0.0,0.0,0.0,,
23100,50,0,0,0,1.0,0.0,0.0,0.0,,
23400,50,0,0,0,1.0,0.0,0.0,0.0,,
23700,50,0,0,0,1.0,0.0,0.0,0.0,,
24000,50,0,0,0,1.0,0.0,0.0,0.0,,
24300,50,0,0,0,1.0,0.0,0.0,0.0,,
24600,50,0,0,0,1.0,0.0,0.0,0.0,,
24900,50,0,0,0,1.0,0.0,0.0,0.0,,
25200,50,0,0,0,1.0,0.0,0.0,0.0,,
25500,50,0,0,0,1.0,0.0,0.0,0.0,,
25800,50,0,0,0,1.0,0.0,0.0,0.0,,
26100,50,0,0,0,1.0,0.0,0.0,0.0,,
26400,50,0,0,0,1.0,0.0,0.0,0.0,,
26700,50,0,0,0,1.0,0.0,0.0,0.0,,
27000,50,0,0,0,1.0,0.0,0.0,0.0,,
27300,50,0,0,0,1.0,0.0,0.0,0.0,,
27600,50,0,0,0,1.0,0.0,0.0,0.0,,
27900,50,0,0,0,1.0,0.0,0.0,0.0,,
28200,49,1,0,0,0.98,0.02,0.0,0.0,,
28500,50,0,0,0,1.0,0.0,0.0,0.0,,
28800,50,0,0,0,1.0,0.0,0.0,0.0,,
29100,50,0,0,0,1.0,0.0,0.0,0.0,,
29400,50,0,0,0,1.0,0.0,0.0,0.0,,
29700,50,0,0,0,1.0,0.0,0.0,0.0,,
30000,50,0,0,0,1.0,0.0,0.0,0.0,,
30300,50,0,0,0,1.0,0.0,0.0,0.0,,
30600,50,0,0,0,1.0,0.0,0.0,0.0,,
30900,50,0,0,0,1.0,0.0,0.0,0.0,,
31200,50,0,0,0,1.0,0.0,0.0,0.0,,
31500,50,0,0,0,1.0,0.0,0.0,0.0,,
31800,50,0,0,0,1.0,0.0,0.0,0.0,,
32100,50,0,0,0,1.0,0.0,0.0,0.0,,
32400,50,0,0,0,1.0,0.0,0.0,0.0,,
32700,50,0,0,0,1.0,0.0,0.0,0.0,,
33000,50,0,0,0,1.0,0.0,0.0,0.0,,
33300,50,0,0,0,1.0,0.0,0.0,0.0,,
33600,50,0,0,0,1.0,0.0,0.0,0.0,,
33900,50,0,0,0,1.0,0.0,0.0,0.0,,
34200,50,0,0,0,1.0,0.0,0.0,0.0,,
34500,49,0,0,1,0.98,0.0,0.0,0.02,,
34800,50,0,0,0,1.0,0.0,0.0,0.0,,
35100,50,0,0,0,1.0,0.0,0.0,0.0,,
35400,50,0,0,0,1.0,0.0,0.0,0.0,,
35700,50,0,0,0,1.0,0.0,0.0,0.0,,
36000,50,0,0,0,1.0,0.0,0.0,0.0,,
36300,50,0,0,0,1.0,0.0,0.0,0.0,,
36600,50,0,0,0,1.0,0.0,0.0,0.0,,
36900,49,1,0,0,0.98,0.02,0.0,0.0,,
37200,50,0,0,0,1.0,0.0,0.0,0.0,,
37500,50,0,0,0,1.0,0.0,0.0,0.0,,
37800,50,0,0,0,1.0,0.0,0.0,0.0,,
38100,50,0,0,0,1.0,0.0,0.0,0.0,,
38400,50,0,0,0,1.0,0.0,0.0,0.0,,
38700,50,0,0,0,1.0,0.0,0.0,0.0,,
39000,50,0,0,0,1.0,0.0,0.0,0.0,,
39300,50,0,0,0,1.0,0.0,0.0,0.0,,
39600,50,0,0,0,1.0,0.0,0.0,0.0,,
39900,50,0,0,0,1.0,0.0,0.0,0.0,,
40200,50,0,0,0,1.0,0.0,0.0,0.0,,
40500,50,0,0,0,1.0,0.0,0.0,0.0,,
40800,50,0,0,0,1.0,0.0,0.0,0.0,,
41100,50,0,0,0,1.0,0.0,0.0,0.0,,
41400,50,0,0,0,1.0,0.0,0.0,0.0,,
41700,50,0,0,0,1.0,0.0,0.0,0.0,,
42000,50,0,0,0,1.0,0.0,0.0,0.0,,
42300,50,0,0,0,1.0,0.0,0.0,0.0,,
42600,50,0,0,0,1.0,0.0,0.0,0.0,,
42900,50,0,0,0,1.0,0.0,0.0,0.0,,
43200,50,0,0,0,1.0,0.0,0.0,0.0,,
43500,50,0,0,0,1.0,0.0,0.0,0.0,,
43800,50,0,0,0,1.0,0.0,0.0,0.0,,
44100,50,0,0,0,1.0,0.0,0.0,0.0,,
44400,50,0,0,0,1.0,0.0,0.0,0.0,,
44700,50,0,0,0,1.0,0.0,0.0,0.0,,
45000,49,0,1,0,0.98,0.0,0.02,0.0,,
45300,50,0,0,0,1.0,0.0,0.0,0.0,,
45600,50,0,0,0,1.0,0.0,0.0,0.0,,
45900,50,0,0,0,1.0,0.0,0.0,0.0,,
46200,50,0,0,0,1.0,0.0,0.0,0.0,,
46500,50,0,0,0,1.0,0.0,0.0,0.0,,
46800,50,0,0,0,1.0,0.0,0.0,0.0,,
47100,50,0,0,0,1.0,0.0,0.0,0.0,,
47400,50,0,0,0,1.0,0.0,0.0,0.0,,
47700,50,0,0,0,1.0,0.0,0.0,0.0,,
48000,50,0,0,0,1.0,0.0,0.0,0.0,,
48300,50,0,0,0,1.0,0.0,0.0,0.0,,
48600,50,0,0,0,1.0,0.0,0.0,0.0,,
48900,47,3,0,0,0.94,0.06,0.0,0.0,,
49200,48,2,0,0,0.96,0.04,0.0,0.0,,
49500,50,0,0,0,1.0,0.0,0.0,0.0,,
49800,50,0,0,0,1.0,0.0,0.0,0.0,,
50100,50,0,0,0,1.0,0.0,0.0,0.0,,
50400,50,0,0,0,1.0,0.0,0.0,0.0,,
50700,50,0,0,0,1.0,0.0,0.0,0.0,,
51000,50,0,0,0,1.0,0.0,0.0,0.0,,
51300,50,0,0,0,1.0,0.0,0.0,0.0,,
51600,47,3,0,0,0.94,0.06,0.0,0.0,,
51900,49,1,0,0,0.98,0.02,0.0,0.0,,
52200,49,1,0,0,0.98,0.02,0.0,0.0,,
52500,50,0,0,0,1.0,0.0,0.0,0.0,,
52800,49,1,0,0,0.98,0.02,0.0,0.0,,
53100,50,0,0,0,1.0,0.0,0.0,0.0,,
53400,50,0,0,0,1.0,0.0,0.0,0.0,,
53700,50,0,0,0,1.0,0.0,0.0,0.0,,
54000,50,0,0,0,1.0,0.0,0.0,0.0,,
54300,50,0,0,0,1.0,0.0,0.0,0.0,,
54600,50,0,0,0,1.0,0.0,0.0,0.0,,
54900,50,0,0,0,1.0,0.0,0.0,0.0,,
55200,50,0,0,0,1.0,0.0,0.0,0.0,,
55500,50,0,0,0,1.0,0.0,0.0,0.0,,
55800,50,0,0,0,1.0,0.0,0.0,0.0,,
56100,50,0,0,0,1.0,0.0,0.0,0.0,,
56400,50,0,0,0,1.0,0.0,0.0,0.0,,
56700,50,0,0,0,1.0,0.0,0.0,0.0,,
57000,50,0,0,0,1.0,0.0,0.0,0.0,,
57300,50,0,0,0,1.0,0.0,0.0,0.0,,
57600,50,0,0,0,1.0,0.0,0.0,0.0,,
57900,50,0,0,0,1.0,0.0,0.0,0.0,,
58200,50,0,0,0,1.0,0.0,0.0,0.0,,
58500,50,0,0,0,1.0,0.0,0.0,0.0,,
58800,50,0,0,0,1.0,0.0,0.0,0.0,,
59100,50,0,0,0,1.0,0.0,0.0,0.0,,
59400,46,0,4,0,0.92,0.0,0.08,0.0,,
59700,48,0,2,0,0.96,0.0,0.04,0.0,,
60000,50,0,0,0,1.0,0.0,0.0,0.0,,
60300,50,0,0,0,1.0,0.0,0.0,0.0,,
60600,50,0,0,0,1.0,0.0,0.0,0.0,,
60900,50,0,0,0,1.0,0.0,0.0,0.0,,
61200,50,0,0,0,1.0,0.0,0.0,0.0,,
61500,50,0,0,0,1.0,0.0,0.0,0.0,,
61800,50,0,0,0,1.0,0.0,0.0,0.0,,
62100,50,0,0,0,1.0,0.0,0.0,0.0,,
62400,50,0,0,0,1.0,0.0,0.0,0.0,,
62700,50,0,0,0,1.0,0.0,0.0,0.0,,
63000,50,0,0,0,1.0,0.0,0.0,0.0,,
63300,50,0,0,0,1.0,0.0,0.0,0.0,,
63600,50,0,0,0,1.0,0.0,0.0,0.0,,
63900,50,0,0,0,1.0,0.0,0.0,0.0,,
64200,50,0,0,0,1.0,0.0,0.0,0.0,,
64500,50,0,0,0,1.0,0.0,0.0,0.0,,
64800,48,0,0,2,0.96,0.0,0.0,0.04,,
65100,50,0,0,0,1.0,0.0,0.0,0.0,,
65400,50,0,0,0,1.0,0.0,0.0,0.0,,
65700,50,0,0,0,1.0,0.0,0.0,0.0,,
66000,50,0,0,0,1.0,0.0,0.0,0.0,,
66300,50,0,0,0,1.0,0.0,0.0,0.0,,
66600,50,0,0,0,1.0,0.0,0.0,0.0,,
66900,50,0,0,0,1.0,0.0,0.0,0.0,,
67200,50,0,0,0,1.0,0.0,0.0,0.0,,
67500,50,0,0,0,1.0,0.0,0.0,0.0,,
67800,50,0,0,0,1.0,0.0,0.0,0.0,,
68100,50,0,0,0,1.0,0.0,0.0,0.0,,
68400,50,0,0,0,1.0,0.0,0.0,0.0,,
68700,50,0,0,0,1.0,0.0,0.0,0.0,,
69000,50,0,0,0,1.0,0.0,0.0,0.0,,
69300,50,0,0,0,1.0,0.0,0.0,0.0,,
69600,50,0,0,0,1.0,0.0,0.0,0.0,,
69900,50,0,0,0,1.0,0.0,0.0,0.0,,
70200,50,0,0,0,1.0,0.0,0.0,0.0,,
70500,50,0,0,0,1.0,0.0,0.0,0.0,,
70800,50,0,0,0,1.0,0.0,0.0,0.0,,
71100,49,0,0,1,0.98,0.0,0.0,0.02,,
71400,50,0,0,0,1.0,0.0,0.0,0.0,,
71700,50,0,0,0,1.0,0.0,0.0,0.0,,
72000,50,0,0,0,1.0,0.0,0.0,0.0,,
72300,50,0,0,0,1.0,0.0,0.0,0.0,,
72600,50,0,0,0,1.0,0.0,0.0,0.0,,
72900,45,0,5,0,0.9,0.0,0.1,0.0,,
73200,42,0,8,0,0.84,0.0,0.16,0.0,,
73500,50,0,0,0,1.0,0.0,0.0,0.0,,
73800,50,0,0,0,1.0,0.0,0.0,0.0,,
74100,50,0,0,0,1.0,0.0,0.0,0.0,,
74400,50,0,0,0,1.0,0.0,0.0,0.0,,
74700,50,0,0,0,1.0,0.0,0.0,0.0,,
75000,50,0,0,0,1.0,0.0,0.0,0.0,,
75300,50,0,0,0,1.0,0.0,0.0,0.0,,
75600,50,0,0,0,1.0,0.0,0.0,0.0,,
75900,50,0,0,0,1.0,0.0,0.0,0.0,,
76200,50,0,0,0,1.0,0.0,0.0,0.0,,
76500,50,0,0,0,1.0,0.0,0.0,0.0,,
76800,50,0,0,0,1.0,0.0,0.0,0.0,,
77100,50,0,0,0,1.0,0.0,0.0,0.0,,
77400,50,0,0,0,1.0,0.0,0.0,0.0,,
77700,50,0,0,0,1.0,0.0,0.0,0.0,,
78000,50,0,0,0,1.0,0.0,0.0,0.0,,
78300,50,0,0,0,1.0,0.0,0.0,0.0,,
78600,50,0,0,0,1.0,0.0,0.0,0.0,,
78900,50,0,0,0,1.0,0.0,0.0,0.0,,
79200,49,0,1,0,0.98,0.0,0.02,0.0,,
79500,50,0,0,0,1.0,0.0,0.0,0.0,,
79800,50,0,0,0,1.0,0.0,0.0,0.0,,
80100,50,0,0,0,1.0,0.0,0.0,0.0,,
80400,50,0,0,0,1.0,0.0,0.0,0.0,,
80700,50,0,0,0,1.0,0.0,0.0,0.0,,
81000,50,0,0,0,1.0,0.0,0.0,0.0,,
81300,50,0,0,0,1.0,0.0,0.0,0.0,,
81600,50,0,0,0,1.0,0.0,0.0,0.0,,
81900,50,0,0,0,1.0,0.0,0.0,0.0,,
82200,50,0,0,0,1.0,0.0,0.0,0.0,,
82500,50,0,0,0,1.0,0.0,0.0,0.0,,
82800,49,0,0,1,0.98,0.0,0.0,0.02,,
83100,50,0,0,0,1.0,0.0,0.0,0.0,,
83400,50,0,0,0,1.0,0.0,0.0,0.0,,
83700,50,0,0,0,1.0,0.0,0.0,0.0,,
84000,50,0,0,0,1.0,0.0,0.0,0.0,,
84300,50,0,0,0,1.0,0.0,0.0,0.0,,
84600,50,0,0,0,1.0,0.0,0.0,0.0,,
84900,50,0,0,0,1.0,0.0,0.0,0.0,,
85200,49,0,1,0,0.98,0.0,0.02,0.0,,
85500,50,0,0,0,1.0,0.0,0.0,0.0,,
85800,50,0,0,0,1.0,0.0,0.0,0.0,,
86100,50,0,0,0,1.0,0.0,0.0,0.0,,
86400,50,0,0,0,1.0,0.0,0.0,0.0,,
86700,50,0,0,0,1.0,0.0,0.0,0.0,,
87000,43,0,7,0,0.86,0.0,0.14,0.0,,
87300,50,0,0,0,1.0,0.0,0.0,0.0,,
87600,50,0,0,0,1.0,0.0,0.0,0.0,,
87900,49,0,0,1,0.98,0.0,0.0,0.02,,
88200,50,0,0,0,1.0,0.0,0.0,0.0,,
88500,50,0,0,0,1.0,0.0,0.0,0.0,,
88800,50,0,0,0,1.0,0.0,0.0,0.0,,
89100,50,0,0,0,1.0,0.0,0.0,0.0,,
89400,50,0,0,0,1.0,0.0,0.0,0.0,,
89700,50,0,0,0,1.0,0.0,0.0,0.0,,
90000,50,0,0,0,1.0,0.0,0.0,0.0,,
90300,50,0,0,0,1.0,0.0,0.0,0.0,,
90600,50,0,0,0,1.0,0.0,0.0,0.0,,
90900,50,0,0,0,1.0,0.0,0.0,0.0,,
91200,50,0,0,0,1.0,0.0,0.0,0.0,,
91500,50,0,0,0,1.0,0.0,0.0,0.0,,
91800,50,0,0,0,1.0,0.0,0.0,0.0,,
92100,50,0,0,0,1.0,0.0,0.0,0.0,,
92400,50,0,0,0,1.0,0.0,0.0,0.0,,
92700,50,0,0,0,1.0,0.0,0.0,0.0,,
93000,50,0,0,0,1.0,0.0,0.0,0.0,,
93300,50,0,0,0,1.0,0.0,0.0,0.0,,
93600,50,0,0,0,1.0,0.0,0.0,0.0,,
93900,50,0,0,0,1.0,0.0,0.0,0.0,,
94200,50,0,0,0,1.0,0.0,0.0,0.0,,
94500,50,0,0,0,1.0,0.0,0.0,0.0,,
94800,50,0,0,0,1.0,0.0,0.0,0.0,,
95100,50,0,0,0,1.0,0.0,0.0,0.0,,
95400,50,0,0,0,1.0,0.0,0.0,0.0,,
95700,50,0,0,0,1.0,0.0,0.0,0.0,,
96000,50,0,0,0,1.0,0.0,0.0,0.0,,
96300,50,0,0,0,1.0,0.0,0.0,0.0,,
96600,50,0,0,0,1.0,0.0,0.0,0.0,,
96900,50,0,0,0,1.0,0.0,0.0,0.0,,
97200,50,0,0,0,1.0,0.0,0.0,0.0,,
97500,50,0,0,0,1.0,0.0,0.0,0.0,,
97800,50,0,0,0,1.0,0.0,0.0,0.0,,
98100,50,0,0,0,1.0,0.0,0.0,0.0,,
98400,50,0,0,0,1.0,0.0,0.0,0.0,,
98700,50,0,0,0,1.0,0.0,0.0,0.0,,
99000,50,0,0,0,1.0,0.0,0.0,0.0,,
99300,50,0,0,0,1.0,0.0,0.0,0.0,,
99600,50,0,0,0,1.0,0.0,0.0,0.0,,
99900,50,0,0,0,1.0,0.0,0.0,0.0,,
100200,50,0,0,0,1.0,0.0,0.0,0.0,,
100500,50,0,0,0,1.0,0.0,0.0,0.0,,
100800,50,0,0,0,1.0,0.0,0.0,0.0,,
101100,50,0,0,0,1.0,0.0,0.0,0.0,,
101400,50,0,0,0,1.0,0.0,0.0,0.0,,
101700,50,0,0,0,1.0,0.0,0.0,0.0,,
102000,50,0,0,0,1.0,0.0,0.0,0.0,,
102300,50,0,0,0,1.0,0.0,0.0,0.0,,
102600,50,0,0,0,1.0,0.0,0.0,0.0,,
102900,50,0,0,0,1.0,0.0,0.0,0.0,,
103200,50,0,0,0,1.0,0.0,0.0,0.0,,
103500,50,0,0,0,1.0,0.0,0.0,0.0,,
103800,50,0,0,0,1.0,0.0,0.0,0.0,,
104100,50,0,0,0,1.0,0.0,0.0,0.0,,
104400,50,0,0,0,1.0,0.0,0.0,0.0,,
104700,50,0,0,0,1.0,0.0,0.0,0.0,,
105000,50,0,0,0,1.0,0.0,0.0,0.0,,
105300,50,0,0,0,1.0,0.0,0.0,0.0,,
105600,50,0,0,0,1.0,0.0,0.0,0.0,,
105900,49,1,0,0,0.98,0.02,0.0,0.0,,
106200,50,0,0,0,1.0,0.0,0.0,0.0,,
106500,50,0,0,0,1.0,0.0,0.0,0.0,,
106800,50,0,0,0,1.0,0.0,0.0,0.0,,
107100,50,0,0,0,1.0,0.0,0.0,0.0,,
107400,50,0,0,0,1.0,0.0,0.0,0.0,,
107700,50,0,0,0,1.0,0.0,0.0,0.0,,
108000,50,0,0,0,1.0,0.0,0.0,0.0,,
108300,50,0,0,0,1.0,0.0,0.0,0.0,,
108600,50,0,0,0,1.0,0.0,0.0,0.0,,
108900,50,0,0,0,1.0,0.0,0.0,0.0,,
109200,50,0,0,0,1.0,0.0,0.0,0.0,,
109500,50,0,0,0,1.0,0.0,0.0,0.0,,
109800,50,0,0,0,1.0,0.0,0.0,0.0,,
110100,50,0,0,0,1.0,0.0,0.0,0.0,,
110400,50,0,0,0,1.0,0.0,0.0,0.0,,
110700,50,0,0,0,1.0,0.0,0.0,0.0,,
111000,50,0,0,0,1.0,0.0,0.0,0.0,,
111300,50,0,0,0,1.0,0.0,0.0,0.0,,
111600,50,0,0,0,1.0,0.0,0.0,0.0,,
111900,50,0,0,0,1.0,0.0,0.0,0.0,,
112200,50,0,0,0,1.0,0.0,0.0,0.0,,
112500,50,0,0,0,1.0,0.0,0.0,0.0,,
112800,49,1,0,0,0.98,0.02,0.0,0.0,,
113100,50,0,0,0,1.0,0.0,0.0,0.0,,
113400,50,0,0,0,1.0,0.0,0.0,0.0,,
113700,50,0,0,0,1.0,0.0,0.0,0.0,,
114000,50,0,0,0,1.0,0.0,0.0,0.0,,
114300,50,0,0,0,1.0,0.0,0.0,0.0,,
114600,50,0,0,0,1.0,0.0,0.0,0.0,,
114900,50,0,0,0,1.0,0.0,0.0,0.0,,
115200,50,0,0,0,1.0,0.0,0.0,0.0,,
115500,50,0,0,0,1.0,0.0,0.0,0.0,,
115800,47,1,2,0,0.94,0.02,0.04,0.0,,
116100,45,0,5,0,0.9,0.0,0.1,0.0,,
116400,50,0,0,0,1.0,0.0,0.0,0.0,,
116700,50,0,0,0,1.0,0.0,0.0,0.0,,
117000,50,0,0,0,1.0,0.0,0.0,0.0,,
117300,50,0,0,0,1.0,0.0,0.0,0.0,,
117600,48,0,0,2,0.96,0.0,0.0,0.04,,
117900,49,0,0,1,0.98,0.0,0.0,0.02,,
118200,50,0,0,0,1.0,0.0,0.0,0.0,,
118500,50,0,0,0,1.0,0.0,0.0,0.0,,
118800,50,0,0,0,1.0,0.0,0.0,0.0,,
119100,50,0,0,0,1.0,0.0,0.0,0.0,,
119400,50,0,0,0,1.0,0.0,0.0,0.0,,
119700,50,0,0,0,1.0,0.0,0.0,0.0,,
120000,49,1,0,0,0.98,0.02,0.0,0.0,,
120300,50,0,0,0,1.0,0.0,0.0,0.0,,
120600,50,0,0,0,1.0,0.0,0.0,0.0,,
120900,49,0,1,0,0.98,0.0,0.02,0.0,,
121200,50,0,0,0,1.0,0.0,0.0,0.0,,
121500,50,0,0,0,1.0,0.0,0.0,0.0,,
121800,50,0,0,0,1.0,0.0,0.0,0.0,,
122100,50,0,0,0,1.0,0.0,0.0,0.0,,
122400,50,0,0,0,1.0,0.0,0.0,0.0,,
122700,50,0,0,0,1.0,0.0,0.0,0.0,,
123000,50,0,0,0,1.0,0.0,0.0,0.0,,
123300,50,0,0,0,1.0,0.0,0.0,0.0,,
123600,50,0,0,0,1.0,0.0,0.0,0.0,,
123900,50,0,0,0,1.0,0.0,0.0,0.0,,
124200,50,0,0,0,1.0,0.0,0.0,0.0,,
124500,50,0,0,0,1.0,0.0,0.0,0.0,,
124800,50,0,0,0,1.0,0.0,0.0,0.0,,
125100,50,0,0,0,1.0,0.0,0.0,0.0,,
125400,50,0,0,0,1.0,0.0,0.0,0.0,,
125700,50,0,0,0,1.0,0.0,0.0,0.0,,
126000,50,0,0,0,1.0,0.0,0.0,0.0,,
126300,50,0,0,0,1.0,0.0,0.0,0.0,,
126600,50,0,0,0,1.0,0.0,0.0,0.0,,
126900,50,0,0,0,1.0,0.0,0.0,0.0,,
127200,50,0,0,0,1.0,0.0,0.0,0.0,,
127500,50,0,0,0,1.0,0.0,0.0,0.0,,
127800,50,0,0,0,1.0,0.0,0.0,0.0,,
128100,50,0,0,0,1.0,0.0,0.0,0.0,,
128400,50,0,0,0,1.0,0.0,0.0,0.0,,
128700,48,0,2,0,0.96,0.0,0.04,0.0,,
129000,50,0,0,0,1.0,0.0,0.0,0.0,,
129300,50,0,0,0,1.0,0.0,0.0,0.0,,
129600,50,0,0,0,1.0,0.0,0.0,0.0,,
129900,50,0,0,0,1.0,0.0,0.0,0.0,,
130200,50,0,0,0,1.0,0.0,0.0,0.0,,
130500,50,0,0,0,1.0,0.0,0.0,0.0,,
130800,50,0,0,0,1.0,0.0,0.0,0.0,,
131100,50,0,0,0,1.0,0.0,0.0,0.0,,
131400,50,0,0,0,1.0,0.0,0.0,0.0,,
131700,50,0,0,0,1.0,0.0,0.0,0.0,,
132000,50,0,0,0,1.0,0.0,0.0,0.0,,
132300,48,0,2,0,0.96,0.0,0.04,0.0,,
132600,50,0,0,0,1.0,0.0,0.0,0.0,,
132900,50,0,0,0,1.0,0.0,0.0,0.0,,
133200,50,0,0,0,1.0,0.0,0.0,0.0,,
133500,50,0,0,0,1.0,0.0,0.0,0.0,,
133800,50,0,0,0,1.0,0.0,0.0,0.0,,
134100,50,0,0,0,1.0,0.0,0.0,0.0,,
134400,50,0,0,0,1.0,0.0,0.0,0.0,,
134700,50,0,0,0,1.0,0.0,0.0,0.0,,
135000,50,0,0,0,1.0,0.0,0.0,0.0,,
135300,50,0,0,0,1.0,0.0,0.0,0.0,,
135600,50,0,0,0,1.0,0.0,0.0,0.0,,
135900,50,0,0,0,1.0,0.0,0.0,0.0,,
136200,50,0,0,0,1.0,0.0,0.0,0.0,,
136500,50,0,0,0,1.0,0.0,0.0,0.0,,
136800,50,0,0,0,1.0,0.0,0.0,0.0,,
137100,50,0,0,0,1.0,0.0,0.0,0.0,,
137400,50,0,0,0,1.0,0.0,0.0,0.0,,
137700,50,0,0,0,1.0,0.0,0.0,0.0,,
138000,50,0,0,0,1.0,0.0,0.0,0.0,,
138300,50,0,0,0,1.0,0.0,0.0,0.0,,
138600,50,0,0,0,1.0,0.0,0.0,0.0,,
138900,50,0,0,0,1.0,0.0,0.0,0.0,,
139200,50,0,0,0,1.0,0.0,0.0,0.0,,
139500,48,0,1,1,0.96,0.0,0.02,0.02,,
139800,50,0,0,0,1.0,0.0,0.0,0.0,,
140100,50,0,0,0,1.0,0.0,0.0,0.0,,
140400,50,0,0,0,1.0,0.0,0.0,0.0,,
140700,50,0,0,0,1.0,0.0,0.0,0.0,,
141000,50,0,0,0,1.0,0.0,0.0,0.0,,
141300,50,0,0,0,1.0,0.0,0.0,0.0,,
141600,50,0,0,0,1.0,0.0,0.0,0.0,,
141900,50,0,0,0,1.0,0.0,0.0,0.0,,
142200,50,0,0,0,1.0,0.0,0.0,0.0,,
142500,50,0,0,0,1.0,0.0,0.0,0.0,,
142800,50,0,0,0,1.0,0.0,0.0,0.0,,
143100,50,0,0,0,1.0,0.0,0.0,0.0,,
143400,50,0,0,0,1.0,0.0,0.0,0.0,,
143700,50,0,0,0,1.0,0.0,0.0,0.0,,
144000,50,0,0,0,1.0,0.0,0.0,0.0,,
144300,50,0,0,0,1.0,0.0,0.0,0.0,,
144600,50,0,0,0,1.0,0.0,0.0,0.0,,
144900,50,0,0,0,1.0,0.0,0.0,0.0,,
145200,50,0,0,0,1.0,0.0,0.0,0.0,,
145500,50,0,0,0,1.0,0.0,0.0,0.0,,
145800,50,0,0,0,1.0,0.0,0.0,0.0,,
146100,50,0,0,0,1.0,0.0,0.0,0.0,,
146400,50,0,0,0,1.0,0.0,0.0,0.0,,
146700,50,0,0,0,1.0,0.0,0.0,0.0,,
147000,50,0,0,0,1.0,0.0,0.0,0.0,,
147300,50,0,0,0,1.0,0.0,0.0,0.0,,
147600,50,0,0,0,1.0,0.0,0.0,0.0,,
147900,49,1,0,0,0.98,0.02,0.0,0.0,,
148200,50,0,0,0,1.0,0.0,0.0,0.0,,
148500,50,0,0,0,1.0,0.0,0.0,0.0,,
148800,50,0,0,0,1.0,0.0,0.0,0.0,,
149100,50,0,0,0,1.0,0.0,0.0,0.0,,
149400,49,1,0,0,0.98,0.02,0.0,0.0,,
149700,50,0,0,0,1.0,0.0,0.0,0.0,,
150000,48,0,2,0,0.96,0.0,0.04,0.0,,
150300,50,0,0,0,1.0,0.0,0.0,0.0,,
150600,50,0,0,0,1.0,0.0,0.0,0.0,,
150900,50,0,0,0,1.0,0.0,0.0,0.0,,
151200,50,0,0,0,1.0,0.0,0.0,0.0,,
151500,50,0,0,0,1.0,0.0,0.0,0.0,,
151800,50,0,0,0,1.0,0.0,0.0,0.0,,
152100,50,0,0,0,1.0,0.0,0.0,0.0,,
152400,50,0,0,0,1.0,0.0,0.0,0.0,,
152700,50,0,0,0,1.0,0.0,0.0,0.0,,
153000,50,0,0,0,1.0,0.0,0.0,0.0,,
153300,50,0,0,0,1.0,0.0,0.0,0.0,,
153600,50,0,0,0,1.0,0.0,0.0,0.0,,
153900,50,0,0,0,1.0,0.0,0.0,0.0,,
154200,50,0,0,0,1.0,0.0,0.0,0.0,,
154500,50,0,0,0,1.0,0.0,0.0,0.0,,
154800,50,0,0,0,1.0,0.0,0.0,0.0,,
155100,50,0,0,0,1.0,0.0,0.0,0.0,,
155400,50,0,0,0,1.0,0.0,0.0,0.0,,
155700,43,7,0,0,0.86,0.14,0.0,0.0,,
156000,48,2,0,0,0.96,0.04,0.0,0.0,,
156300,50,0,0,0,1.0,0.0,0.0,0.0,,
156600,50,0,0,0,1.0,0.0,0.0,0.0,,
156900,50,0,0,0,1.0,0.0,0.0,0.0,,
157200,50,0,0,0,1.0,0.0,0.0,0.0,,
157500,50,0,0,0,1.0,0.0,0.0,0.0,,
157800,50,0,0,0,1.0,0.0,0.0,0.0,,
158100,50,0,0,0,1.0,0.0,0.0,0.0,,
158400,50,0,0,0,1.0,0.0,0.0,0.0,,
158700,50,0,0,0,1.0,0.0,0.0,0.0,,
159000,50,0,0,0,1.0,0.0,0.0,0.0,,
159300,50,0,0,0,1.0,0.0,0.0,0.0,,
159600,50,0,0,0,1.0,0.0,0.0,0.0,,
159900,50,0,0,0,1.0,0.0,0.0,0.0,,
160200,50,0,0,0,1.0,0.0,0.0,0.0,,
160500,50,0,0,0,1.0,0.0,0.0,0.0,,
160800,50,0,0,0,1.0,0.0,0.0,0.0,,
161100,50,0,0,0,1.0,0.0,0.0,0.0,,
161400,49,0,1,0,0.98,0.0,0.02,0.0,,
161700,49,0,1,0,0.98,0.0,0.02,0.0,,
162000,50,0,0,0,1.0,0.0,0.0,0.0,,
162300,50,0,0,0,1.0,0.0,0.0,0.0,,
162600,50,0,0,0,1.0,0.0,0.0,0.0,,
162900,50,0,0,0,1.0,0.0,0.0,0.0,,
163200,50,0,0,0,1.0,0.0,0.0,0.0,,
163500,50,0,0,0,1.0,0.0,0.0,0.0,,
163800,50,0,0,0,1.0,0.0,0.0,0.0,,
164100,50,0,0,0,1.0,0.0,0.0,0.0,,
164400,50,0,0,0,1.0,0.0,0.0,0.0,,
164700,50,0,0,0,1.0,0.0,0.0,0.0,,
165000,50,0,0,0,1.0,0.0,0.0,0.0,,
165300,50,0,0,0,1.0,0.0,0.0,0.0,,
165600,50,0,0,0,1.0,0.0,0.0,0.0,,
165900,50,0,0,0,1.0,0.0,0.0,0.0,,
166200,50,0,0,0,1.0,0.0,0.0,0.0,,
166500,50,0,0,0,1.0,0.0,0.0,0.0,,
166800,49,1,0,0,0.98,0.02,0.0,0.0,,
167100,50,0,0,0,1.0,0.0,0.0,0.0,,
167400,50,0,0,0,1.0,0.0,0.0,0.0,,
167700,50,0,0,0,1.0,0.0,0.0,0.0,,
168000,50,0,0,0,1.0,0.0,0.0,0.0,,
168300,48,2,0,0,0.96,0.04,0.0,0.0,,
168600,50,0,0,0,1.0,0.0,0.0,0.0,,
168900,49,0,1,0,0.98,0.0,0.02,0.0,,
169200,50,0,0,0,1.0,0.0,0.0,0.0,,
169500,50,0,0,0,1.0,0.0,0.0,0.0,,
169800,50,0,0,0,1.0,0.0,0.0,0.0,,
170100,50,0,0,0,1.0,0.0,0.0,0.0,,
170400,50,0,0,0,1.0,0.0,0.0,0.0,,
170700,50,0,0,0,1.0,0.0,0.0,0.0,,
171000,50,0,0,0,1.0,0.0,0.0,0.0,,
171300,50,0,0,0,1.0,0.0,0.0,0.0,,
171600,49,0,0,1,0.98,0.0,0.0,0.02,,
171900,50,0,0,0,1.0,0.0,0.0,0.0,,
172200,50,0,0,0,1.0,0.0,0.0,0.0,,
172500,50,0,0,0,1.0,0.0,0.0,0.0,,
172800,50,0,0,0,1.0,0.0,0.0,0.0,,
173100,50,0,0,0,1.0,0.0,0.0,0.0,,
173400,50,0,0,0,1.0,0.0,0.0,0.0,,
173700,50,0,0,0,1.0,0.0,0.0,0.0,,
174000,50,0,0,0,1.0,0.0,0.0,0.0,,
174300,48,2,0,0,0.96,0.04,0.0,0.0,,
174600,50,0,0,0,1.0,0.0,0.0,0.0,,
174900,50,0,0,0,1.0,0.0,0.0,0.0,,
175200,50,0,0,0,1.0,0.0,0.0,0.0,,
175500,50,0,0,0,1.0,0.0,0.0,0.0,,
175800,50,0,0,0,1.0,0.0,0.0,0.0,,
176100,50,0,0,0,1.0,0.0,0.0,0.0,,
176400,50,0,0,0,1.0,0.0,0.0,0.0,,
176700,50,0,0,0,1.0,0.0,0.0,0.0,,
177000,50,0,0,0,1.0,0.0,0.0,0.0,,
177300,50,0,0,0,1.0,0.0,0.0,0.0,,
177600,50,0,0,0,1.0,0.0,0.0,0.0,,
177900,50,0,0,0,1.0,0.0,0.0,0.0,,
178200,50,0,0,0,1.0,0.0,0.0,0.0,,
178500,50,0,0,0,1.0,0.0,0.0,0.0,,
178800,50,0,0,0,1.0,0.0,0.0,0.0,,
179100,50,0,0,0,1.0,0.0,0.0,0.0,,
179400,50,0,0,0,1.0,0.0,0.0,0.0,,
179700,50,0,0,0,1.0,0.0,0.0,0.0,,
180000,50,0,0,0,1.0,0.0,0.0,0.0,,
180300,50,0,0,0,1.0,0.0,0.0,0.0,,
180600,50,0,0,0,1.0,0.0,0.0,0.0,,
180900,50,0,0,0,1.0,0.0,0.0,0.0,,
181200,50,0,0,0,1.0,0.0,0.0,0.0,,
181500,50,0,0,0,1.0,0.0,0.0,0.0,,
181800,50,0,0,0,1.0,0.0,0.0,0.0,,
182100,50,0,0,0,1.0,0.0,0.0,0.0,,
182400,50,0,0,0,1.0,0.0,0.0,0.0,,
182700,50,0,0,0,1.0,0.0,0.0,0.0,,
183000,50,0,0,0,1.0,0.0,0.0,0.0,,
183300,50,0,0,0,1.0,0.0,0.0,0.0,,
183600,50,0,0,0,1.0,0.0,0.0,0.0,,
183900,50,0,0,0,1.0,0.0,0.0,0.0,,
184200,50,0,0,0,1.0,0.0,0.0,0.0,,
184500,50,0,0,0,1.0,0.0,0.0,0.0,,
184800,50,0,0,0,1.0,0.0,0.0,0.0,,
185100,50,0,0,0,1.0,0.0,0.0,0.0,,
185400,50,0,0,0,1.0,0.0,0.0,0.0,,
185700,50,0,0,0,1.0,0.0,0.0,0.0,,
186000,50,0,0,0,1.0,0.0,0.0,0.0,,
186300,49,0,0,1,0.98,0.0,0.0,0.02,,
186600,50,0,0,0,1.0,0.0,0.0,0.0,,
186900,50,0,0,0,1.0,0.0,0.0,0.0,,
187200,50,0,0,0,1.0,0.0,0.0,0.0,,
187500,50,0,0,0,1.0,0.0,0.0,0.0,,
187800,50,0,0,0,1.0,0.0,0.0,0.0,,
188100,50,0,0,0,1.0,0.0,0.0,0.0,,
188400,50,0,0,0,1.0,0.0,0.0,0.0,,
188700,50,0,0,0,1.0,0.0,0.0,0.0,,
189000,50,0,0,0,1.0,0.0,0.0,0.0,,
189300,50,0,0,0,1.0,0.0,0.0,0.0,,
189600,50,0,0,0,1.0,0.0,0.0,0.0,,
189900,50,0,0,0,1.0,0.0,0.0,0.0,,
190200,50,0,0,0,1.0,0.0,0.0,0.0,,
190500,50,0,0,0,1.0,0.0,0.0,0.0,,
190800,50,0,0,0,1.0,0.0,0.0,0.0,,
191100,50,0,0,0,1.0,0.0,0.0,0.0,,
191400,50,0,0,0,1.0,0.0,0.0,0.0,,
191700,50,0,0,0,1.0,0.0,0.0,0.0,,
192000,50,0,0,0,1.0,0.0,0.0,0.0,,
192300,50,0,0,0,1.0,0.0,0.0,0.0,,
192600,50,0,0,0,1.0,0.0,0.0,0.0,,
192900,50,0,0,0,1.0,0.0,0.0,0.0,,
193200,50,0,0,0,1.0,0.0,0.0,0.0,,
193500,50,0,0,0,1.0,0.0,0.0,0.0,,
193800,50,0,0,0,1.0,0.0,0.0,0.0,,
194100,50,0,0,0,1.0,0.0,0.0,0.0,,
194400,50,0,0,0,1.0,0.0,0.0,0.0,,
194700,49,1,0,0,0.98,0.02,0.0,0.0,,
195000,50,0,0,0,1.0,0.0,0.0,0.0,,
195300,50,0,0,0,1.0,0.0,0.0,0.0,,
195600,50,0,0,0,1.0,0.0,0.0,0.0,,
195900,50,0,0,0,1.0,0.0,0.0,0.0,,
196200,50,0,0,0,1.0,0.0,0.0,0.0,,
196500,50,0,0,0,1.0,0.0,0.0,0.0,,
196800,50,0,0,0,1.0,0.0,0.0,0.0,,
197100,50,0,0,0,1.0,0.0,0.0,0.0,,
197400,50,0,0,0,1.0,0.0,0.0,0.0,,
197700,50,0,0,0,1.0,0.0,0.0,0.0,,
198000,50,0,0,0,1.0,0.0,0.0,0.0,,
198300,50,0,0,0,1.0,0.0,0.0,0.0,,
198600,50,0,0,0,1.0,0.0,0.0,0.0,,
198900,50,0,0,0,1.0,0.0,0.0,0.0,,
199200,50,0,0,0,1.0,0.0,0.0,0.0,,
199500,50,0,0,0,1.0,0.0,0.0,0.0,,
199800,50,0,0,0,1.0,0.0,0.0,0.0,,
200100,50,0,0,0,1.0,0.0,0.0,0.0,,
200400,50,0,0,0,1.0,0.0,0.0,0.0,,
200700,50,0,0,0,1.0,0.0,0.0,0.0,,
201000,50,0,0,0,1.0,0.0,0.0,0.0,,
201300,50,0,0,0,1.0,0.0,0.0,0.0,,
201600,50,0,0,0,1.0,0.0,0.0,0.0,,
201900,49,0,0,1,0.98,0.0,0.0,0.02,,
202200,50,0,0,0,1.0,0.0,0.0,0.0,,
202500,50,0,0,0,1.0,0.0,0.0,0.0,,
202800,50,0,0,0,1.0,0.0,0.0,0.0,,
203100,50,0,0,0,1.0,0.0,0.0,0.0,,
203400,50,0,0,0,1.0,0.0,0.0,0.0,,
203700,50,0,0,0,1.0,0.0,0.0,0.0,,
204000,50,0,0,0,1.0,0.0,0.0,0.0,,
204300,50,0,0,0,1.0,0.0,0.0,0.0,,
204600,50,0,0,0,1.0,0.0,0.0,0.0,,
204900,50,0,0,0,1.0,0.0,0.0,0.0,,
205200,50,0,0,0,1.0,0.0,0.0,0.0,,
205500,50,0,0,0,1.0,0.0,0.0,0.0,,
205800,50,0,0,0,1.0,0.0,0.0,0.0,,
206100,50,0,0,0,1.0,0.0,0.0,0.0,,
206400,50,0,0,0,1.0,0.0,0.0,0.0,,
206700,50,0,0,0,1.0,0.0,0.0,0.0,,
207000,50,0,0,0,1.0,0.0,0.0,0.0,,
207300,50,0,0,0,1.0,0.0,0.0,0.0,,
207600,50,0,0,0,1.0,0.0,0.0,0.0,,
207900,50,0,0,0,1.0,0.0,0.0,0.0,,
208200,50,0,0,0,1.0,0.0,0.0,0.0,,
208500,50,0,0,0,1.0,0.0,0.0,0.0,,
208800,50,0,0,0,1.0,0.0,0.0,0.0,,
209100,50,0,0,0,1.0,0.0,0.0,0.0,,
209400,50,0,0,0,1.0,0.0,0.0,0.0,,
209700,50,0,0,0,1.0,0.0,0.0,0.0,,
210000,50,0,0,0,1.0,0.0,0.0,0.0,,
210300,50,0,0,0,1.0,0.0,0.0,0.0,,
210600,50,0,0,0,1.0,0.0,0.0,0.0,,
210900,50,0,0,0,1.0,0.0,0.0,0.0,,
211200,48,0,2,0,0.96,0.0,0.04,0.0,,
211500,50,0,0,0,1.0,0.0,0.0,0.0,,
211800,50,0,0,0,1.0,0.0,0.0,0.0,,
212100,50,0,0,0,1.0,0.0,0.0,0.0,,
212400,50,0,0,0,1.0,0.0,0.0,0.0,,
212700,50,0,0,0,1.0,0.0,0.0,0.0,,
213000,50,0,0,0,1.0,0.0,0.0,0.0,,
213300,50,0,0,0,1.0,0.0,0.0,0.0,,
213600,49,1,0,0,0.98,0.02,0.0,0.0,,
213900,50,0,0,0,1.0,0.0,0.0,0.0,,
214200,50,0,0,0,1.0,0.0,0.0,0.0,,
214500,50,0,0,0,1.0,0.0,0.0,0.0,,
214800,50,0,0,0,1.0,0.0,0.0,0.0,,
215100,48,2,0,0,0.96,0.04,0.0,0.0,,
215400,50,0,0,0,1.0,0.0,0.0,0.0,,
215700,50,0,0,0,1.0,0.0,0.0,0.0,,
216000,50,0,0,0,1.0,0.0,0.0,0.0,,
216300,50,0,0,0,1.0,0.0,0.0,0.0,,
216600,50,0,0,0,1.0,0.0,0.0,0.0,,
216900,50,0,0,0,1.0,0.0,0.0,0.0,,
217200,50,0,0,0,1.0,0.0,0.0,0.0,,
217500,50,0,0,0,1.0,0.0,0.0,0.0,,
217800,50,0,0,0,1.0,0.0,0.0,0.0,,
218100,50,0,0,0,1.0,0.0,0.0,0.0,,
218400,50,0,0,0,1.0,0.0,0.0,0.0,,
218700,50,0,0,0,1.0,0.0,0.0,0.0,,
219000,50,0,0,0,1.0,0.0,0.0,0.0,,
219300,47,3,0,0,0.94,0.06,0.0,0.0,,
219600,46,4,0,0,0.92,0.08,0.0,0.0,,
219900,46,4,0,0,0.92,0.08,0.0,0.0,,
220200,50,0,0,0,1.0,0.0,0.0,0.0,,
220500,50,0,0,0,1.0,0.0,0.0,0.0,,
220800,50,0,0,0,1.0,0.0,0.0,0.0,,
221100,50,0,0,0,1.0,0.0,0.0,0.0,,
221400,50,0,0,0,1.0,0.0,0.0,0.0,,
221700,50,0,0,0,1.0,0.0,0.0,0.0,,
222000,50,0,0,0,1.0,0.0,0.0,0.0,,
222300,50,0,0,0,1.0,0.0,0.0,0.0,,
222600,50,0,0,0,1.0,0.0,0.0,0.0,,
222900,50,0,0,0,1.0,0.0,0.0,0.0,,
223200,50,0,0,0,1.0,0.0,0.0,0.0,,
223500,50,0,0,0,1.0,0.0,0.0,0.0,,
223800,50,0,0,0,1.0,0.0,0.0,0.0,,
224100,50,0,0,0,1.0,0.0,0.0,0.0,,
224400,50,0,0,0,1.0,0.0,0.0,0.0,,
224700,50,0,0,0,1.0,0.0,0.0,0.0,,
225000,50,0,0,0,1.0,0.0,0.0,0.0,,
225300,50,0,0,0,1.0,0.0,0.0,0.0,,
225600,50,0,0,0,1.0,0.0,0.0,0.0,,
225900,50,0,0,0,1.0,0.0,0.0,0.0,,
226200,50,0,0,0,1.0,0.0,0.0,0.0,,
226500,50,0,0,0,1.0,0.0,0.0,0.0,,
226800,50,0,0,0,1.0,0.0,0.0,0.0,,
227100,48,2,0,0,0.96,0.04,0.0,0.0,,
227400,50,0,0,0,1.0,0.0,0.0,0.0,,
227700,50,0,0,0,1.0,0.0,0.0,0.0,,
228000,49,0,0,1,0.98,0.0,0.0,0.02,,
228300,50,0,0,0,1.0,0.0,0.0,0.0,,
228600,50,0,0,0,1.0,0.0,0.0,0.0,,
228900,50,0,0,0,1.0,0.0,0.0,0.0,,
229200,50,0,0,0,1.0,0.0,0.0,0.0,,
229500,50,0,0,0,1.0,0.0,0.0,0.0,,
229800,50,0,0,0,1.0,0.0,0.0,0.0,,
230100,50,0,0,0,1.0,0.0,0.0,0.0,,
230400,50,0,0,0,1.0,0.0,0.0,0.0,,
230700,50,0,0,0,1.0,0.0,0.0,0.0,,
231000,50,0,0,0,1.0,0.0,0.0,0.0,,
231300,50,0,0,0,1.0,0.0,0.0,0.0,,
231600,50,0,0,0,1.0,0.0,0.0,0.0,,
231900,50,0,0,0,1.0,0.0,0.0,0.0,,
232200,50,0,0,0,1.0,0.0,0.0,0.0,,
232500,50,0,0,0,1.0,0.0,0.0,0.0,,
232800,50,0,0,0,1.0,0.0,0.0,0.0,,
233100,50,0,0,0,1.0,0.0,0.0,0.0,,
233400,50,0,0,0,1.0,0.0,0.0,0.0,,
233700,50,0,0,0,1.0,0.0,0.0,0.0,,
234000,50,0,0,0,1.0,0.0,0.0,0.0,,
234300,50,0,0,0,1.0,0.0,0.0,0.0,,
234600,50,0,0,0,1.0,0.0,0.0,0.0,,
234900,50,0,0,0,1.0,0.0,0.0,0.0,,
235200,50,0,0,0,1.0,0.0,0.0,0.0,,
235500,50,0,0,0,1.0,0.0,0.0,0.0,,
235800,50,0,0,0,1.0,0.0,0.0,0.0,,
236100,50,0,0,0,1.0,0.0,0.0,0.0,,
236400,50,0,0,0,1.0,0.0,0.0,0.0,,
236700,50,0,0,0,1.0,0.0,0.0,0.0,,
237000,50,0,0,0,1.0,0.0,0.0,0.0,,
237300,50,0,0,0,1.0,0.0,0.0,0.0,,
237600,50,0,0,0,1.0,0.0,0.0,0.0,,
237900,50,0,0,0,1.0,0.0,0.0,0.0,,
238200,50,0,0,0,1.0,0.0,0.0,0.0,,
238500,50,0,0,0,1.0,0.0,0.0,0.0,,
238800,50,0,0,0,1.0,0.0,0.0,0.0,,
239100,50,0,0,0,1.0,0.0,0.0,0.0,,
239400,50,0,0,0,1.0,0.0,0.0,0.0,,
239700,50,0,0,0,1.0,0.0,0.0,0.0,,
240000,50,0,0,0,1.0,0.0,0.0,0.0,,
240300,50,0,0,0,1.0,0.0,0.0,0.0,,
240600,50,0,0,0,1.0,0.0,0.0,0.0,,
240900,50,0,0,0,1.0,0.0,0.0,0.0,,
241200,50,0,0,0,1.0,0.0,0.0,0.0,,
241500,50,0,0,0,1.0,0.0,0.0,0.0,,
241800,50,0,0,0,1.0,0.0,0.0,0.0,,
242100,50,0,0,0,1.0,0.0,0.0,0.0,,
242400,50,0,0,0,1.0,0.0,0.0,0.0,,
242700,50,0,0,0,1.0,0.0,0.0,0.0,,
243000,50,0,0,0,1.0,0.0,0.0,0.0,,
243300,50,0,0,0,1.0,0.0,0.0,0.0,,
243600,50,0,0,0,1.0,0.0,0.0,0.0,,
243900,50,0,0,0,1.0,0.0,0.0,0.0,,
244200,50,0,0,0,1.0,0.0,0.0,0.0,,
244500,50,0,0,0,1.0,0.0,0.0,0.0,,
244800,50,0,0,0,1.0,0.0,0.0,0.0,,
245100,50,0,0,0,1.0,0.0,0.0,0.0,,
245400,49,0,1,0,0.98,0.0,0.02,0.0,,
245700,50,0,0,0,1.0,0.0,0.0,0.0,,
246000,50,0,0,0,1.0,0.0,0.0,0.0,,
246300,50,0,0,0,1.0,0.0,0.0,0.0,,
246600,50,0,0,0,1.0,0.0,0.0,0.0,,
246900,50,0,0,0,1.0,0.0,0.0,0.0,,
247200,50,0,0,0,1.0,0.0,0.0,0.0,,
247500,50,0,0,0,1.0,0.0,0.0,0.0,,
247800,50,0,0,0,1.0,0.0,0.0,0.0,,
248100,50,0,0,0,1.0,0.0,0.0,0.0,,
248400,50,0,0,0,1.0,0.0,0.0,0.0,,
248700,50,0,0,0,1.0,0.0,0.0,0.0,,
249000,50,0,0,0,1.0,0.0,0.0,0.0,,
249300,50,0,0,0,1.0,0.0,0.0,0.0,,
249600,50,0,0,0,1.0,0.0,0.0,0.0,,
249900,50,0,0,0,1.0,0.0,0.0,0.0,,
250200,50,0,0,0,1.0,0.0,0.0,0.0,,
250500,48,2,0,0,0.96,0.04,0.0,0.0,,
250800,50,0,0,0,1.0,0.0,0.0,0.0,,
251100,50,0,0,0,1.0,0.0,0.0,0.0,,
251400,50,0,0,0,1.0,0.0,0.0,0.0,,
251700,50,0,0,0,1.0,0.0,0.0,0.0,,
252000,50,0,0,0,1.0,0.0,0.0,0.0,,
252300,50,0,0,0,1.0,0.0,0.0,0.0,,
252600,50,0,0,0,1.0,0.0,0.0,0.0,,
252900,50,0,0,0,1.0,0.0,0.0,0.0,,
253200,50,0,0,0,1.0,0.0,0.0,0.0,,
253500,50,0,0,0,1.0,0.0,0.0,0.0,,
253800,50,0,0,0,1.0,0.0,0.0,0.0,,
254100,50,0,0,0,1.0,0.0,0.0,0.0,,
254400,50,0,0,0,1.0,0.0,0.0,0.0,,
254700,50,0,0,0,1.0,0.0,0.0,0.0,,
255000,50,0,0,0,1.0,0.0,0.0,0.0,,
255300,50,0,0,0,1.0,0.0,0.0,0.0,,
255600,50,0,0,0,1.0,0.0,0.0,0.0,,
255900,49,0,1,0,0.98,0.0,0.02,0.0,,
256200,50,0,0,0,1.0,0.0,0.0,0.0,,
256500,50,0,0,0,1.0,0.0,0.0,0.0,,
256800,50,0,0,0,1.0,0.0,0.0,0.0,,
257100,50,0,0,0,1.0,0.0,0.0,0.0,,
257400,50,0,0,0,1.0,0.0,0.0,0.0,,
257700,50,0,0,0,1.0,0.0,0.0,0.0,,
258000,50,0,0,0,1.0,0.0,0.0,0.0,,
258300,50,0,0,0,1.0,0.0,0.0,0.0,,
258600,50,0,0,0,1.0,0.0,0.0,0.0,,
258900,50,0,0,0,1.0,0.0,0.0,0.0,,
259200,50,0,0,0,1.0,0.0,0.0,0.0,,
259500,50,0,0,0,1.0,0.0,0.0,0.0,,
259800,50,0,0,0,1.0,0.0,0.0,0.0,,
260100,50,0,0,0,1.0,0.0,0.0,0.0,,
260400,50,0,0,0,1.0,0.0,0.0,0.0,,
260700,50,0,0,0,1.0,0.0,0.0,0.0,,
261000,50,0,0,0,1.0,0.0,0.0,0.0,,
261300,50,0,0,0,1.0,0.0,0.0,0.0,,
261600,49,0,1,0,0.98,0.0,0.02,0.0,,
261900,50,0,0,0,1.0,0.0,0.0,0.0,,
262200,50,0,0,0,1.0,0.0,0.0,0.0,,
262500,50,0,0,0,1.0,0.0,0.0,0.0,,
262800,50,0,0,0,1.0,0.0,0.0,0.0,,
263100,50,0,0,0,1.0,0.0,0.0,0.0,,
263400,50,0,0,0,1.0,0.0,0.0,0.0,,
263700,50,0,0,0,1.0,0.0,0.0,0.0,,
264000,50,0,0,0,1.0,0.0,0.0,0.0,,
264300,50,0,0,0,1.0,0.0,0.0,0.0,,
264600,50,0,0,0,1.0,0.0,0.0,0.0,,
264900,50,0,0,0,1.0,0.0,0.0,0.0,,
265200,50,0,0,0,1.0,0.0,0.0,0.0,,
265500,50,0,0,0,1.0,0.0,0.0,0.0,,
265800,50,0,0,0,1.0,0.0,0.0,0.0,,
266100,50,0,0,0,1.0,0.0,0.0,0.0,,
266400,50,0,0,0,1.0,0.0,0.0,0.0,,
266700,50,0,0,0,1.0,0.0,0.0,0.0,,
267000,50,0,0,0,1.0,0.0,0.0,0.0,,
267300,50,0,0,0,1.0,0.0,0.0,0.0,,
267600,50,0,0,0,1.0,0.0,0.0,0.0,,
267900,50,0,0,0,1.0,0.0,0.0,0.0,,
268200,50,0,0,0,1.0,0.0,0.0,0.0,,
268500,50,0,0,0,1.0,0.0,0.0,0.0,,
268800,48,0,0,2,0.96,0.0,0.0,0.04,,
269100,50,0,0,0,1.0,0.0,0.0,0.0,,
269400,50,0,0,0,1.0,0.0,0.0,0.0,,
269700,50,0,0,0,1.0,0.0,0.0,0.0,,
270000,50,0,0,0,1.0,0.0,0.0,0.0,,
270300,50,0,0,0,1.0,0.0,0.0,0.0,,
270600,50,0,0,0,1.0,0.0,0.0,0.0,,
270900,50,0,0,0,1.0,0.0,0.0,0.0,,
271200,50,0,0,0,1.0,0.0,0.0,0.0,,
271500,49,1,0,0,0.98,0.02,0.0,0.0,,
271800,50,0,0,0,1.0,0.0,0.0,0.0,,
272100,50,0,0,0,1.0,0.0,0.0,0.0,,
272400,50,0,0,0,1.0,0.0,0.0,0.0,,
272700,50,0,0,0,1.0,0.0,0.0,0.0,,
273000,50,0,0,0,1.0,0.0,0.0,0.0,,
273300,50,0,0,0,1.0,0.0,0.0,0.0,,
273600,50,0,0,0,1.0,0.0,0.0,0.0,,
273900,50,0,0,0,1.0,0.0,0.0,0.0,,
274200,50,0,0,0,1.0,0.0,0.0,0.0,,
274500,50,0,0,0,1.0,0.0,0.0,0.0,,
274800,50,0,0,0,1.0,0.0,0.0,0.0,,
275100,50,0,0,0,1.0,0.0,0.0,0.0,,
275400,50,0,0,0,1.0,0.0,0.0,0.0,,
275700,50,0,0,0,1.0,0.0,0.0,0.0,,
276000,50,0,0,0,1.0,0.0,0.0,0.0,,
276300,50,0,0,0,1.0,0.0,0.0,0.0,,
276600,50,0,0,0,1.0,0.0,0.0,0.0,,
276900,50,0,0,0,1.0,0.0,0.0,0.0,,
277200,50,0,0,0,1.0,0.0,0.0,0.0,,
277500,50,0,0,0,1.0,0.0,0.0,0.0,,
277800,50,0,0,0,1.0,0.0,0.0,0.0,,
278100,50,0,0,0,1.0,0.0,0.0,0.0,,
278400,50,0,0,0,1.0,0.0,0.0,0.0,,
278700,50,0,0,0,1.0,0.0,0.0,0.0,,
279000,50,0,0,0,1.0,0.0,0.0,0.0,,
279300,50,0,0,0,1.0,0.0,0.0,0.0,,
279600,50,0,0,0,1.0,0.0,0.0,0.0,,
279900,50,0,0,0,1.0,0.0,0.0,0.0,,
280200,50,0,0,0,1.0,0.0,0.0,0.0,,
280500,50,0,0,0,1.0,0.0,0.0,0.0,,
280800,50,0,0,0,1.0,0.0,0.0,0.0,,
281100,50,0,0,0,1.0,0.0,0.0,0.0,,
281400,50,0,0,0,1.0,0.0,0.0,0.0,,
281700,50,0,0,0,1.0,0.0,0.0,0.0,,
282000,50,0,0,0,1.0,0.0,0.0,0.0,,
282300,50,0,0,0,1.0,0.0,0.0,0.0,,
282600,50,0,0,0,1.0,0.0,0.0,0.0,,
282900,50,0,0,0,1.0,0.0,0.0,0.0,,
283200,50,0,0,0,1.0,0.0,0.0,0.0,,
283500,50,0,0,0,1.0,0.0,0.0,0.0,,
283800,50,0,0,0,1.0,0.0,0.0,0.0,,
284100,49,0,0,1,0.98,0.0,0.0,0.02,,
284400,50,0,0,0,1.0,0.0,0.0,0.0,,
284700,50,0,0,0,1.0,0.0,0.0,0.0,,
285000,50,0,0,0,1.0,0.0,0.0,0.0,,
285300,50,0,0,0,1.0,0.0,0.0,0.0,,
285600,50,0,0,0,1.0,0.0,0.0,0.0,,
285900,50,0,0,0,1.0,0.0,0.0,0.0,,
286200,50,0,0,0,1.0,0.0,0.0,0.0,,
286500,50,0,0,0,1.0,0.0,0.0,0.0,,
286800,50,0,0,0,1.0,0.0,0.0,0.0,,
287100,50,0,0,0,1.0,0.0,0.0,0.0,,
287400,50,0,0,0,1.0,0.0,0.0,0.0,,
287700,50,0,0,0,1.0,0.0,0.0,0.0,,
288000,50,0,0,0,1.0,0.0,0.0,0.0,,
288300,50,0,0,0,1.0,0.0,0.0,0.0,,
288600,50,0,0,0,1.0,0.0,0.0,0.0,,
288900,50,0,0,0,1.0,0.0,0.0,0.0,,
289200,50,0,0,0,1.0,0.0,0.0,0.0,,
289500,50,0,0,0,1.0,0.0,0.0,0.0,,
289800,50,0,0,0,1.0,0.0,0.0,0.0,,
290100,50,0,0,0,1.0,0.0,0.0,0.0,,
290400,50,0,0,0,1.0,0.0,0.0,0.0,,
290700,50,0,0,0,1.0,0.0,0.0,0.0,,
291000,50,0,0,0,1.0,0.0,0.0,0.0,,
291300,50,0,0,0,1.0,0.0,0.0,0.0,,
291600,50,0,0,0,1.0,0.0,0.0,0.0,,
291900,50,0,0,0,1.0,0.0,0.0,0.0,,
292200,50,0,0,0,1.0,0.0,0.0,0.0,,
292500,50,0,0,0,1.0,0.0,0.0,0.0,,
292800,50,0,0,0,1.0,0.0,0.0,0.0,,
293100,50,0,0,0,1.0,0.0,0.0,0.0,,
293400,50,0,0,0,1.0,0.0,0.0,0.0,,
293700,50,0,0,0,1.0,0.0,0.0,0.0,,
294000,50,0,0,0,1.0,0.0,0.0,0.0,,
294300,50,0,0,0,1.0,0.0,0.0,0.0,,
294600,50,0,0,0,1.0,0.0,0.0,0.0,,
294900,50,0,0,0,1.0,0.0,0.0,0.0,,
295200,50,0,0,0,1.0,0.0,0.0,0.0,,
295500,50,0,0,0,1.0,0.0,0.0,0.0,,
295800,50,0,0,0,1.0,0.0,0.0,0.0,,
296100,50,0,0,0,1.0,0.0,0.0,0.0,,
296400,50,0,0,0,1.0,0.0,0.0,0.0,,
296700,50,0,0,0,1.0,0.0,0.0,0.0,,
297000,50,0,0,0,1.0,0.0,0.0,0.0,,
297300,50,0,0,0,1.0,0.0,0.0,0.0,,
297600,50,0,0,0,1.0,0.0,0.0,0.0,,
297900,50,0,0,0,1.0,0.0,0.0,0.0,,
298200,50,0,0,0,1.0,0.0,0.0,0.0,,
298500,50,0,0,0,1.0,0.0,0.0,0.0,,
298800,50,0,0,0,1.0,0.0,0.0,0.0,,
299100,50,0,0,0,1.0,0.0,0.0,0.0,,
299400,50,0,0,0,1.0,0.0,0.0,0.0,,
299700,50,0,0,0,1.0,0.0,0.0,0.0,,
---,---,---,---,---,---,---,---,---,
50,0.0018999999999999735,0.0,0.725,0.9467933333333334,0.03570981080065105,
